ano_mes,nivel2_acoes,aum,captacao_liquida,aum_total_acoes,percentual_do_aum_acoes
2026-07,Ativo,3318533426924.68,2623550704.31,3606926133102.85,0.9200447429373664
2026-07,Internacional,235726097285.75,601748669.5800005,3606926133102.85,0.0653537357259288
2026-07,Índice,52666608892.42,375306372.09,3606926133102.85,0.0146015213367049
2026-08,Ativo,3361561606464.31,655495862.5400008,3658150124045.93,0.9189239075695472
2026-08,Internacional,243795727042.38,807229106.0600001,3658150124045.93,0.0666445385715173
2026-08,Índice,52792790539.24,-290980858.13,3658150124045.93,0.0144315538589353
2026-09,Ativo,3394432142548.52,-14192023997.97,3698994197086.43,0.9176635489783131
2026-09,Internacional,251624627973.07,744780664.07,3698994197086.43,0.0680251480716747
2026-09,Índice,52937426564.84,-504058054.00999993,3698994197086.43,0.0143113029500119
2026-10,Ativo,3316298150974.7,-1158161632.55,3550391304825.62,0.9340655342601968
2026-10,Internacional,180129512549.57,92738384.7,3550391304825.62,0.05073511539551756
2026-10,Índice,53963641301.35,28845473.23,3550391304825.62,0.01519935034428563
