ano_mes,nivel1,aum,captacao_liquida,aum_total_industria,percentual_do_aum_total
2026-07,Ações,3606926133102.85,3600605745.980001,13853400664432.91,0.2603639510956496
2026-07,Multimercado,2716930440050.87,-19180453689.11,13853400664432.91,0.1961201084024294
2026-07,Renda Fixa,7181581329511.19,31992056812.07,13853400664432.91,0.5183984426256518
2026-08,Ações,3658150124045.93,1171744110.470001,14075929664072.25,0.2598869283485469
2026-08,Multimercado,2750895411247.18,-14997987944.75,14075929664072.25,0.1954325914449994
2026-08,Renda Fixa,7320684107490.6,102988615566.83,14075929664072.25,0.520085300381693
2026-09,Ações,3698994197086.43,-13951301387.910002,14189160327238.15,0.2606915498717478
2026-09,Multimercado,2767273891707.36,-3466624693.4600005,14189160327238.15,0.195027318592995
2026-09,Renda Fixa,7366357933028.7295,6865672170.070001,14189160327238.15,0.5191539008046824
2026-10,Ações,3368220840693.7197,-1054289748.35,13015801870310.59,0.2587793571425458
2026-10,Multimercado,2269061379044.86,-786989503.0400001,13015801870310.59,0.1743312783686922
2026-10,Renda Fixa,7026885332971.92,-3234325922.419999,13015801870310.59,0.5398734094900786
