ano_mes,nivel1,aum,captacao_liquida
2026-07,Ações,3606926133102.85,3600605745.980001
2026-07,Multimercado,2716930440050.87,-19180453689.11
2026-07,Renda Fixa,7181581329511.19,31992056812.07
2026-08,Ações,3658150124045.93,1171744110.470001
2026-08,Multimercado,2750895411247.18,-14997987944.75
2026-08,Renda Fixa,7320684107490.6,102988615566.83
2026-09,Ações,3698994197086.43,-13951301387.910002
2026-09,Multimercado,2767273891707.36,-3466624693.4600005
2026-09,Renda Fixa,7366357933028.7295,6865672170.070001
2026-10,Ações,3368220840693.7197,-1054289748.35
2026-10,Multimercado,2269061379044.86,-786989503.0400001
2026-10,Renda Fixa,7026885332971.92,-3234325922.419999
